[{"profileUrl":"https://www.linkedin.com/in/aneeshpanda","fullName":"Aneesh Panda","firstName":"Aneesh","lastName":"Panda","profileImageUrl":"https://media.licdn.com/dms/image/D5603AQHUUzfN5bZYTw/profile-displayphoto-shrink_100_100/0/1678704308770?e=1690416000&v=beta&t=186I8fa5QiYQE1McghH6pm_Lkj7Viab_ZyrRUgkm1Xo","additionalInfo":"","connectionDegree":"1st","job":"Engineering seamless experiences at Fam","location":"Hyderabad","sharedConnections":"Vaikundarajan Subbiahnadar, Alok Mathur, and 806 other mutual connections","url":"https://www.linkedin.com/in/aneeshpanda","name":"Aneesh Panda","query":"https://www.linkedin.com/search/results/people/?currentCompany=%5B%2214618763%22%5D&origin=COMPANY_PAGE_CANNED_SEARCH&sid=f8Z","category":"People","timestamp":"2023-05-22T19:39:01.972Z"},{"profileUrl":"https://www.linkedin.com/in/uzaxirr","fullName":"Uzair Ali","firstName":"Uzair","lastName":"Ali","profileImageUrl":"https://media.licdn.com/dms/image/C5603AQE0jFEKR3OJRg/profile-displayphoto-shrink_100_100/0/1662223236338?e=1690416000&v=beta&t=jLItDRNot0kbmUAqY_iMT-MOosQRIxHDCfNlzxJ5OeU","additionalInfo":"Talks about #devops, #django, #docker, #golang, and #backendTalks about hashtag devops, hashtag django, hashtag docker, hashtag golang, and hashtag backend","connectionDegree":"2nd","job":"Backend Intern @FamPay 🧑‍💻 • prev @HackerRank, @Dukaan • I convert Coffee into code ☕","location":"Mumbai","sharedConnections":"5K followers • Rajagopalan Gangadharan, Akshat Gupta, and 8 other mutual connections","url":"https://www.linkedin.com/in/uzaxirr","name":"Uzair Ali","query":"https://www.linkedin.com/search/results/people/?currentCompany=%5B%2214618763%22%5D&origin=COMPANY_PAGE_CANNED_SEARCH&sid=f8Z","category":"People","timestamp":"2023-05-22T19:39:01.972Z"},{"profileUrl":"https://www.linkedin.com/in/aishwarya-nayak-460741166","fullName":"Aishwarya Nayak","firstName":"Aishwarya","lastName":"Nayak","profileImageUrl":"https://media.licdn.com/dms/image/C4E03AQEhoLml11dc9w/profile-displayphoto-shrink_100_100/0/1618228228715?e=1690416000&v=beta&t=XSEDJCkb_JGLT-BHKJaLdlHrZjph8ljyf1tKO0F15Y8","additionalInfo":"","connectionDegree":"2nd","job":"Designing great experiences at Fam","location":"Delhi, India","sharedConnections":"Yash Kumar Verma, Akshit Sadana, and 1 other mutual connection","url":"https://www.linkedin.com/in/aishwarya-nayak-460741166","name":"Aishwarya Nayak","query":"https://www.linkedin.com/search/results/people/?currentCompany=%5B%2214618763%22%5D&origin=COMPANY_PAGE_CANNED_SEARCH&sid=f8Z","category":"People","timestamp":"2023-05-22T19:39:01.972Z"},{"profileUrl":"https://www.linkedin.com/in/akashjkhamkar","fullName":"Akash Khamkar","firstName":"Akash","lastName":"Khamkar","profileImageUrl":"https://media.licdn.com/dms/image/D4D03AQFqSRNiHKudow/profile-displayphoto-shrink_100_100/0/1676578758360?e=1690416000&v=beta&t=xOt-XMRynWfpt6SvZQmBX4gN3YlJ3XR7mNTgwDNydwo","additionalInfo":"","connectionDegree":"2nd","job":"Building Tech at Fam 🧡 | ex OneFin | Senior at SPPU studying Computer Engineering","location":"Pune","sharedConnections":"Yash Kumar Verma, Jugal Bhatt, and 2 other mutual connections","url":"https://www.linkedin.com/in/akashjkhamkar","name":"Akash Khamkar","query":"https://www.linkedin.com/search/results/people/?currentCompany=%5B%2214618763%22%5D&origin=COMPANY_PAGE_CANNED_SEARCH&sid=f8Z","category":"People","timestamp":"2023-05-22T19:39:01.972Z"},{"profileUrl":"https://www.linkedin.com/in/anshu-baranwal-471800138","fullName":"Anshu Baranwal","firstName":"Anshu","lastName":"Baranwal","profileImageUrl":"https://media.licdn.com/dms/image/C4D03AQG5FMYrDfc0fg/profile-displayphoto-shrink_100_100/0/1592292713896?e=1690416000&v=beta&t=Ku7qnsFgWYwW84GcNucTDMehifvsi0_QPaweH43uz-8","additionalInfo":"","connectionDegree":"2nd","job":"Designing for the GenZ at Fam","location":"Delhi, India","sharedConnections":"Yash Kumar Verma, Akshit Sadana, and 4 other mutual connections","url":"https://www.linkedin.com/in/anshu-baranwal-471800138","name":"Anshu Baranwal","query":"https://www.linkedin.com/search/results/people/?currentCompany=%5B%2214618763%22%5D&origin=COMPANY_PAGE_CANNED_SEARCH&sid=f8Z","category":"People","timestamp":"2023-05-22T19:39:01.972Z"},{"profileUrl":"https://www.linkedin.com/in/akhilxnair","fullName":"Akhil Nair","firstName":"Akhil","lastName":"Nair","profileImageUrl":"https://media.licdn.com/dms/image/C5603AQGc0PIVvMG-8A/profile-displayphoto-shrink_100_100/0/1554144976585?e=1690416000&v=beta&t=2De2JJ1Aq2L4qnwXJGipYQF6zwo4v8BivTO0y19nXsQ","additionalInfo":"","connectionDegree":"2nd","job":"Building Tech @ FamPay | Frontend | React JS","location":"India","sharedConnections":"841 followers • Yash Kumar Verma, Jugal Bhatt, and 4 other mutual connections","url":"https://www.linkedin.com/in/akhilxnair","name":"Akhil Nair","query":"https://www.linkedin.com/search/results/people/?currentCompany=%5B%2214618763%22%5D&origin=COMPANY_PAGE_CANNED_SEARCH&sid=f8Z","category":"People","timestamp":"2023-05-22T19:39:01.972Z"},{"profileUrl":"https://www.linkedin.com/in/manas1820","fullName":"Manas Gupta","firstName":"Manas","lastName":"Gupta","profileImageUrl":"https://media.licdn.com/dms/image/D4D03AQHD6YLfGh56-A/profile-displayphoto-shrink_100_100/0/1677066792528?e=1690416000&v=beta&t=vS79co1AytFBiq5mAHliKF9i1gpNmUEernmxbDOj6To","additionalInfo":"","connectionDegree":"2nd","job":"Engineering seamless experiences at Fam","location":"Bengaluru","sharedConnections":"Viswanath M, Vaikundarajan Subbiahnadar, and 357 other mutual connections","url":"https://www.linkedin.com/in/manas1820","name":"Manas Gupta","query":"https://www.linkedin.com/search/results/people/?currentCompany=%5B%2214618763%22%5D&origin=COMPANY_PAGE_CANNED_SEARCH&sid=f8Z","category":"People","timestamp":"2023-05-22T19:39:01.972Z"},{"profileUrl":"https://www.linkedin.com/in/nakshata-patel","fullName":"Nakshata Patel","firstName":"Nakshata","lastName":"Patel","profileImageUrl":"https://media.licdn.com/dms/image/C5603AQHOJdF6ZT4dSw/profile-displayphoto-shrink_100_100/0/1648748592732?e=1690416000&v=beta&t=JY3CCZO0-T-YvuaC4tanb3EGMd6H1ZCgnjTG42fAuas","additionalInfo":"","connectionDegree":"2nd","job":"Decoding data and driving research at Fam","location":"Ahmedabad","sharedConnections":"Yash Kumar Verma, Jugal Bhatt, and 2 other mutual connections","url":"https://www.linkedin.com/in/nakshata-patel","name":"Nakshata Patel","query":"https://www.linkedin.com/search/results/people/?currentCompany=%5B%2214618763%22%5D&origin=COMPANY_PAGE_CANNED_SEARCH&sid=f8Z","category":"People","timestamp":"2023-05-22T19:39:01.972Z"},{"profileUrl":"https://www.linkedin.com/in/pranavjayaraj","fullName":"Pranav Jayaraj","firstName":"Pranav","lastName":"Jayaraj","profileImageUrl":"https://media.licdn.com/dms/image/D4D03AQGCsCVZ5M_6sw/profile-displayphoto-shrink_100_100/0/1670607975523?e=1690416000&v=beta&t=fTyvBPIvySyEnNdOD7goTO0n_v3WCZrK9rKuQynfkhY","additionalInfo":"","connectionDegree":"2nd","job":"Building Tech at Fam","location":"Bangalore Urban district","sharedConnections":"Yash Kumar Verma, Jugal Bhatt, and 2 other mutual connections","url":"https://www.linkedin.com/in/pranavjayaraj","name":"Pranav Jayaraj","query":"https://www.linkedin.com/search/results/people/?currentCompany=%5B%2214618763%22%5D&origin=COMPANY_PAGE_CANNED_SEARCH&sid=f8Z","category":"People","timestamp":"2023-05-22T19:39:01.972Z"},{"profileUrl":"https://www.linkedin.com/in/devansh-aggarwal-437967192","fullName":"Devansh Aggarwal","firstName":"Devansh","lastName":"Aggarwal","profileImageUrl":"https://media.licdn.com/dms/image/C4D03AQF1921U-PryJQ/profile-displayphoto-shrink_100_100/0/1653498528132?e=1690416000&v=beta&t=hZ5kJRTyhhgZUOCsicYafgrIzJyJOc9EV0vjKQ13Uzs","additionalInfo":"","connectionDegree":"2nd","job":"Engineering at FamPay | BITS Pilani Goa","location":"Bengaluru","sharedConnections":"Yash Kumar Verma, Jugal Bhatt, and 8 other mutual connections","url":"https://www.linkedin.com/in/devansh-aggarwal-437967192","name":"Devansh Aggarwal","query":"https://www.linkedin.com/search/results/people/?currentCompany=%5B%2214618763%22%5D&origin=COMPANY_PAGE_CANNED_SEARCH&sid=f8Z","category":"People","timestamp":"2023-05-22T19:39:01.972Z"},{"profileUrl":"https://www.linkedin.com/in/shikhart98","fullName":"Shikhar Tyagi","firstName":"Shikhar","lastName":"Tyagi","profileImageUrl":"https://media.licdn.com/dms/image/D4D03AQEaoMC-z_WMBQ/profile-displayphoto-shrink_100_100/0/1669564111316?e=1690416000&v=beta&t=aVxOmvaBTaq5Dn5ulONOM4u1hV7KLYkFt7EG8qTFeFs","additionalInfo":"","connectionDegree":"2nd","job":"Building Tech at FamPay","location":"Delhi, India","sharedConnections":"Yash Kumar Verma, Jugal Bhatt, and 11 other mutual connections","url":"https://www.linkedin.com/in/shikhart98","name":"Shikhar Tyagi","query":"https://www.linkedin.com/search/results/people/?currentCompany=%5B%2214618763%22%5D&origin=COMPANY_PAGE_CANNED_SEARCH&sid=f8Z","category":"People","timestamp":"2023-05-22T19:39:07.717Z"},{"profileUrl":"https://www.linkedin.com/in/yash-kumar-verma","fullName":"Yash Kumar Verma","firstName":"Yash","lastName":"Kumar Verma","profileImageUrl":"https://media.licdn.com/dms/image/C4E03AQEhQZ1eeVbr-Q/profile-displayphoto-shrink_100_100/0/1609522987165?e=1690416000&v=beta&t=eQ8telMRK8mgUor4c7FviFguvKYHOo2wfZssQw-f-5Y","additionalInfo":"Talks about #college, #project, #student, #hackathon, and #javascriptTalks about hashtag college, hashtag project, hashtag student, hashtag hackathon, and hashtag javascript","connectionDegree":"1st","job":"UPI, Auth & Infra Stuff @ Fampay, ex-GSoC,GSoD,MLH Fellow @Facebook, Project Admin @ GSSoC, Mexili","location":"Bengaluru","sharedConnections":"4K followers • Mayank Kumar, Aneesh Panda, and 237 other mutual connections","url":"https://www.linkedin.com/in/yash-kumar-verma","name":"Yash Kumar Verma","query":"https://www.linkedin.com/search/results/people/?currentCompany=%5B%2214618763%22%5D&origin=COMPANY_PAGE_CANNED_SEARCH&sid=f8Z","category":"People","timestamp":"2023-05-22T19:39:07.717Z"},{"profileUrl":"https://www.linkedin.com/in/sumit-badsara","fullName":"Sumit B.","firstName":"Sumit","lastName":"B.","profileImageUrl":"https://media.licdn.com/dms/image/D4D03AQG9Jri93a9ckg/profile-displayphoto-shrink_100_100/0/1678084841763?e=1690416000&v=beta&t=C-10OxYJjoJeb0j0e4rhp1lpXYx8yHkzir02Fp3u188","additionalInfo":"","connectionDegree":"2nd","job":"Backend Engineer 👨‍💻","location":"Jaipur","sharedConnections":"Yash Kumar Verma, Jugal Bhatt, and 13 other mutual connections","url":"https://www.linkedin.com/in/sumit-badsara","name":"Sumit B.","query":"https://www.linkedin.com/search/results/people/?currentCompany=%5B%2214618763%22%5D&origin=COMPANY_PAGE_CANNED_SEARCH&sid=f8Z","category":"People","timestamp":"2023-05-22T19:39:07.717Z"},{"profileUrl":"https://www.linkedin.com/in/melronmartis","fullName":"Melron Martis","firstName":"Melron","lastName":"Martis","profileImageUrl":"https://media.licdn.com/dms/image/D5603AQGLtx2c6Z1Orw/profile-displayphoto-shrink_100_100/0/1679917888369?e=1690416000&v=beta&t=b7d0ZVAxprskbf5W1JvlwOJWbyh_Wcr1-wlRMK-xtRQ","additionalInfo":"","connectionDegree":"2nd","job":"Product @ FamPay","location":"Bengaluru","sharedConnections":"B.K. TRIPATHY, Tuhin Sharma, and 102 other mutual connections","url":"https://www.linkedin.com/in/melronmartis","name":"Melron Martis","query":"https://www.linkedin.com/search/results/people/?currentCompany=%5B%2214618763%22%5D&origin=COMPANY_PAGE_CANNED_SEARCH&sid=f8Z","category":"People","timestamp":"2023-05-22T19:39:07.717Z"},{"profileUrl":"https://www.linkedin.com/in/galaxyzpj","fullName":"Pranav Jain","firstName":"Pranav","lastName":"Jain","profileImageUrl":"https://media.licdn.com/dms/image/C5603AQFEX5H0Erk2Rw/profile-displayphoto-shrink_100_100/0/1590359698385?e=1690416000&v=beta&t=UFiWSQG1hYelcP-_OBbNZ4OAwhUMG4Gp1H29w--LBIY","additionalInfo":"","connectionDegree":"2nd","job":"Building Tech at Fam 🧡","location":"Bengaluru","sharedConnections":"Yash Kumar Verma, Jugal Bhatt, and 1 other mutual connection","url":"https://www.linkedin.com/in/galaxyzpj","name":"Pranav Jain","query":"https://www.linkedin.com/search/results/people/?currentCompany=%5B%2214618763%22%5D&origin=COMPANY_PAGE_CANNED_SEARCH&sid=f8Z","category":"People","timestamp":"2023-05-22T19:39:07.717Z"},{"profileUrl":"https://www.linkedin.com/in/kshitiz-sharma-14a70616a","fullName":"Kshitiz Sharma","firstName":"Kshitiz","lastName":"Sharma","additionalInfo":"","connectionDegree":"2nd","job":"Building Tech at FamPay | Ex - Thunderpod","location":"Sikar","sharedConnections":"Yash Kumar Verma and Jugal Bhatt are mutual connections","url":"https://www.linkedin.com/in/kshitiz-sharma-14a70616a","name":"Kshitiz Sharma","query":"https://www.linkedin.com/search/results/people/?currentCompany=%5B%2214618763%22%5D&origin=COMPANY_PAGE_CANNED_SEARCH&sid=f8Z","category":"People","timestamp":"2023-05-22T19:39:07.717Z"},{"profileUrl":"https://www.linkedin.com/in/gyanaranjan-sah00","fullName":"Gyanaranjan Sahoo","firstName":"Gyanaranjan","lastName":"Sahoo","additionalInfo":"","connectionDegree":"2nd","job":"Building FinTech at FamPay | KWOC 20 | Polyglot | Web Dev | CyberSecurity | DevOps | IOT","location":"Bhubaneshwar","sharedConnections":"Yash Kumar Verma, Jugal Bhatt, and 4 other mutual connections","url":"https://www.linkedin.com/in/gyanaranjan-sah00","name":"Gyanaranjan Sahoo","query":"https://www.linkedin.com/search/results/people/?currentCompany=%5B%2214618763%22%5D&origin=COMPANY_PAGE_CANNED_SEARCH&sid=f8Z","category":"People","timestamp":"2023-05-22T19:39:07.718Z"},{"profileUrl":"https://www.linkedin.com/in/jugaldb","fullName":"Jugal Bhatt","firstName":"Jugal","lastName":"Bhatt","profileImageUrl":"https://media.licdn.com/dms/image/D5603AQGQjgmuD5KUGQ/profile-displayphoto-shrink_100_100/0/1673611756936?e=1690416000&v=beta&t=kL90stUpIOc5EnEOH0DNacZ3kB-X_OGML7msmT6AVHE","additionalInfo":"","connectionDegree":"1st","job":"Engineering seamless experiences @FamPay 🧡 | Software Developer","location":"Bengaluru","sharedConnections":"3K followers • Vaikundarajan Subbiahnadar, Alok Mathur, and 411 other mutual connections","url":"https://www.linkedin.com/in/jugaldb","name":"Jugal Bhatt","query":"https://www.linkedin.com/search/results/people/?currentCompany=%5B%2214618763%22%5D&origin=COMPANY_PAGE_CANNED_SEARCH&sid=f8Z","category":"People","timestamp":"2023-05-22T19:39:07.718Z"},{"profileUrl":"https://www.linkedin.com/in/mohi7solanki","fullName":"Mohit Solanki","firstName":"Mohit","lastName":"Solanki","profileImageUrl":"https://media.licdn.com/dms/image/C4E03AQFupKX1DoqteA/profile-displayphoto-shrink_100_100/0/1584003512746?e=1690416000&v=beta&t=22-htXhWZSpskbKAOo7LkEh8Rh5IrnbO7q74g1INU9g","additionalInfo":"","connectionDegree":"2nd","job":"Building tech at Fam","location":"Bengaluru","sharedConnections":"Yash Kumar Verma, Sai Akshith Vasa, and 8 other mutual connections","url":"https://www.linkedin.com/in/mohi7solanki","name":"Mohit Solanki","query":"https://www.linkedin.com/search/results/people/?currentCompany=%5B%2214618763%22%5D&origin=COMPANY_PAGE_CANNED_SEARCH&sid=f8Z","category":"People","timestamp":"2023-05-22T19:39:07.718Z"},{"profileUrl":"https://www.linkedin.com/in/anshu-saurabh","fullName":"Anshu Saurabh","firstName":"Anshu","lastName":"Saurabh","profileImageUrl":"https://media.licdn.com/dms/image/C4E03AQG-0vXTBXSoEg/profile-displayphoto-shrink_100_100/0/1599391411038?e=1690416000&v=beta&t=jvLOgPgrbNJWJRFUiLi_6Erz1pBrAjUuEBj1sTwSWpc","additionalInfo":"","connectionDegree":"2nd","job":"Building Tech at Fam","location":"Bengaluru","sharedConnections":"Yash Kumar Verma, Jugal Bhatt, and 4 other mutual connections","url":"https://www.linkedin.com/in/anshu-saurabh","name":"Anshu Saurabh","query":"https://www.linkedin.com/search/results/people/?currentCompany=%5B%2214618763%22%5D&origin=COMPANY_PAGE_CANNED_SEARCH&sid=f8Z","category":"People","timestamp":"2023-05-22T19:39:07.718Z"},{"profileUrl":"https://www.linkedin.com/in/aditya-pratapsingh","fullName":"Aditya Pratap Singh","firstName":"Aditya","lastName":"Pratap Singh","profileImageUrl":"https://media.licdn.com/dms/image/C4D03AQEV9AtkBRgtlA/profile-displayphoto-shrink_100_100/0/1652038060872?e=1690416000&v=beta&t=QgEvocVI9fCl96LrktHVmLvcIZrGCF5gj3R_r17OvDw","additionalInfo":"","connectionDegree":"2nd","job":"Building Tech at Fam 🚀","location":"Gautam Buddha Nagar","sharedConnections":"Alok Mathur, Shivam Saxena, and 3 other mutual connections","url":"https://www.linkedin.com/in/aditya-pratapsingh","name":"Aditya Pratap Singh","query":"https://www.linkedin.com/search/results/people/?currentCompany=%5B%2214618763%22%5D&origin=COMPANY_PAGE_CANNED_SEARCH&sid=f8Z","category":"People","timestamp":"2023-05-22T19:39:11.836Z"},{"profileUrl":"https://www.linkedin.com/in/pranav-raaghav-a7a115196","fullName":"Pranav Raaghav","firstName":"Pranav","lastName":"Raaghav","profileImageUrl":"https://media.licdn.com/dms/image/C4D03AQGodFQTJrCPDg/profile-displayphoto-shrink_100_100/0/1577264858792?e=1690416000&v=beta&t=VcPXBSREm6dpbshBMzeMK72jLvImsXyDd1FWxaoZo1g","additionalInfo":"","connectionDegree":"2nd","job":"Engineering seamless experiences at Fam","location":"Tamil Nadu, India","sharedConnections":"Mayank Kumar, Swayam Shashwat Sharma, and 50 other mutual connections","url":"https://www.linkedin.com/in/pranav-raaghav-a7a115196","name":"Pranav Raaghav","query":"https://www.linkedin.com/search/results/people/?currentCompany=%5B%2214618763%22%5D&origin=COMPANY_PAGE_CANNED_SEARCH&sid=f8Z","category":"People","timestamp":"2023-05-22T19:39:11.836Z"},{"profileUrl":"https://www.linkedin.com/in/saipremtelkar","fullName":"Sai Prem T.","firstName":"Sai","lastName":"Prem T.","profileImageUrl":"https://media.licdn.com/dms/image/D5603AQHx6tTkyoVYpw/profile-displayphoto-shrink_100_100/0/1674189308611?e=1690416000&v=beta&t=8Ur5aJ7EBK1dxaaaOK4c5728bmFVVqS9vcQDqfE69Po","additionalInfo":"Talks about #productivityhackseriesTalks about hashtag productivityhackseries","connectionDegree":"2nd","job":"Listening to what data has to say at FamPay","location":"Bengaluru","sharedConnections":"759 followers • Yash Kumar Verma, Jugal Bhatt, and 2 other mutual connections","url":"https://www.linkedin.com/in/saipremtelkar","name":"Sai Prem T.","query":"https://www.linkedin.com/search/results/people/?currentCompany=%5B%2214618763%22%5D&origin=COMPANY_PAGE_CANNED_SEARCH&sid=f8Z","category":"People","timestamp":"2023-05-22T19:39:11.836Z"},{"profileUrl":"https://www.linkedin.com/in/nandini-shrikant","fullName":"Nandini Shrikant","firstName":"Nandini","lastName":"Shrikant","profileImageUrl":"https://media.licdn.com/dms/image/C4D03AQGzrNGiAFUiJg/profile-displayphoto-shrink_100_100/0/1663488712522?e=1690416000&v=beta&t=eB4fZmEHYoGl1pNyr2KC7pMbeqsq7T1lgkvo-I9oQxE","additionalInfo":"","connectionDegree":"2nd","job":"Building for GenZ at FamPay","location":"Delhi, India","sharedConnections":"Yash Kumar Verma, Jugal Bhatt, and 75 other mutual connections","url":"https://www.linkedin.com/in/nandini-shrikant","name":"Nandini Shrikant","query":"https://www.linkedin.com/search/results/people/?currentCompany=%5B%2214618763%22%5D&origin=COMPANY_PAGE_CANNED_SEARCH&sid=f8Z","category":"People","timestamp":"2023-05-22T19:39:11.836Z"},{"profileUrl":"https://www.linkedin.com/in/madrix","fullName":"Shlok Patel","firstName":"Shlok","lastName":"Patel","profileImageUrl":"https://media.licdn.com/dms/image/C4D03AQHk9BZPGv-ptQ/profile-displayphoto-shrink_100_100/0/1611029721972?e=1690416000&v=beta&t=3GJtHTd1qlG-eBgDdX2sDjKwBJzHyaPPgJc0jaoUAi0","additionalInfo":"","connectionDegree":"2nd","job":"Backend Intern @Fampay, GSoC'22 Zulip","location":"Surat","sharedConnections":"Yash Kumar Verma, Jugal Bhatt, and 3 other mutual connections","url":"https://www.linkedin.com/in/madrix","name":"Shlok Patel","query":"https://www.linkedin.com/search/results/people/?currentCompany=%5B%2214618763%22%5D&origin=COMPANY_PAGE_CANNED_SEARCH&sid=f8Z","category":"People","timestamp":"2023-05-22T19:39:11.836Z"},{"profileUrl":"https://www.linkedin.com/in/soumik-a-4942b9a3","fullName":"Soumik A.","firstName":"Soumik","lastName":"A.","additionalInfo":"","connectionDegree":"2nd","job":"Building Tech at Fam 🧡 | Frontend Engineer","location":"Bengaluru","sharedConnections":"Yash Kumar Verma, Akshit Sadana, and 7 other mutual connections","url":"https://www.linkedin.com/in/soumik-a-4942b9a3","name":"Soumik A.","query":"https://www.linkedin.com/search/results/people/?currentCompany=%5B%2214618763%22%5D&origin=COMPANY_PAGE_CANNED_SEARCH&sid=f8Z","category":"People","timestamp":"2023-05-22T19:39:11.836Z"},{"profileUrl":"https://www.linkedin.com/in/csoni111","fullName":"Chirag Maheshwari","firstName":"Chirag","lastName":"Maheshwari","profileImageUrl":"https://media.licdn.com/dms/image/C4D03AQEwSDHAFjvR9g/profile-displayphoto-shrink_100_100/0/1644095408856?e=1690416000&v=beta&t=nOXkE8ZA4BIqSUpuEuBwornR4q_ysNtD6-zXT7rggso","additionalInfo":"","connectionDegree":"2nd","job":"Founding Team at FamPay (YC S19) | Hiring Rockstar Engineers","location":"Bengaluru","sharedConnections":"Yash Kumar Verma, Jugal Bhatt, and 10 other mutual connections","url":"https://www.linkedin.com/in/csoni111","name":"Chirag Maheshwari","query":"https://www.linkedin.com/search/results/people/?currentCompany=%5B%2214618763%22%5D&origin=COMPANY_PAGE_CANNED_SEARCH&sid=f8Z","category":"People","timestamp":"2023-05-22T19:39:11.836Z"},{"profileUrl":"https://www.linkedin.com/in/haid-faiz","fullName":"Faizan Haider","firstName":"Faizan","lastName":"Haider","profileImageUrl":"https://media.licdn.com/dms/image/D4E03AQG4evO-eakpAw/profile-displayphoto-shrink_100_100/0/1665157566450?e=1690416000&v=beta&t=SmFqKcl3gB6u9OvbTzMnRIGYtYtA2yb1r0ofuSqGivY","additionalInfo":"","connectionDegree":"2nd","job":"Building Tech at Fam | Android Dev","location":"Kota","sharedConnections":"Yash Kumar Verma, Mohammad Aariz, and 2 other mutual connections","url":"https://www.linkedin.com/in/haid-faiz","name":"Faizan Haider","query":"https://www.linkedin.com/search/results/people/?currentCompany=%5B%2214618763%22%5D&origin=COMPANY_PAGE_CANNED_SEARCH&sid=f8Z","category":"People","timestamp":"2023-05-22T19:39:11.836Z"},{"profileUrl":"https://www.linkedin.com/in/siddharth-sunder-87b6a31a8","fullName":"Siddharth Sunder","firstName":"Siddharth","lastName":"Sunder","profileImageUrl":"https://media.licdn.com/dms/image/C4D03AQHqVjolUqdOEg/profile-displayphoto-shrink_100_100/0/1610632225299?e=1690416000&v=beta&t=s1fLh1qAuxBEiZK8LqO2_QyQ-KmH8GoSScmrT6ylFvY","additionalInfo":"","connectionDegree":"2nd","job":"Growth & Partnerships at Fam","location":"Bengaluru","sharedConnections":"Yash Kumar Verma, Akshit Sadana, and 4 other mutual connections","url":"https://www.linkedin.com/in/siddharth-sunder-87b6a31a8","name":"Siddharth Sunder","query":"https://www.linkedin.com/search/results/people/?currentCompany=%5B%2214618763%22%5D&origin=COMPANY_PAGE_CANNED_SEARCH&sid=f8Z","category":"People","timestamp":"2023-05-22T19:39:11.836Z"},{"profileUrl":"https://www.linkedin.com/in/aayushgupta02","fullName":"Aayush Gupta","firstName":"Aayush","lastName":"Gupta","profileImageUrl":"https://media.licdn.com/dms/image/C5603AQHwXZsn8ACEKw/profile-displayphoto-shrink_100_100/0/1621779436340?e=1690416000&v=beta&t=dC506IofrLZCbDXXH6YmSiubZjLraLjVv8pCKyLUoQY","additionalInfo":"Talks about #fampayTalks about hashtag fampay","connectionDegree":"2nd","job":"Founding Team at Fam (YC S19)","location":"Bengaluru","sharedConnections":"24K followers • Alok Mathur, Pratik Baid, and 57 other mutual connections","url":"https://www.linkedin.com/in/aayushgupta02","name":"Aayush Gupta","query":"https://www.linkedin.com/search/results/people/?currentCompany=%5B%2214618763%22%5D&origin=COMPANY_PAGE_CANNED_SEARCH&sid=f8Z","category":"People","timestamp":"2023-05-22T19:39:11.836Z"},{"profileUrl":"https://www.linkedin.com/in/arpit-raj","fullName":"Arpit Raj","firstName":"Arpit","lastName":"Raj","profileImageUrl":"https://media.licdn.com/dms/image/C4D03AQHXU3dhSGD4xw/profile-displayphoto-shrink_100_100/0/1653316263927?e=1690416000&v=beta&t=atTOcnukIO9vUaT6ZBqQF5e8p1SHxwjbuR86vO7TbQw","additionalInfo":"","connectionDegree":"2nd","job":"Product at FamPay | MICA | SCMC","location":"Bengaluru","sharedConnections":"Yash Kumar Verma and Anshul Agarwala are mutual connections","url":"https://www.linkedin.com/in/arpit-raj","name":"Arpit Raj","query":"https://www.linkedin.com/search/results/people/?currentCompany=%5B%2214618763%22%5D&origin=COMPANY_PAGE_CANNED_SEARCH&sid=f8Z","category":"People","timestamp":"2023-05-22T19:39:15.546Z"},{"profileUrl":"https://www.linkedin.com/in/kushdaga","fullName":"Kush D.","firstName":"Kush","lastName":"D.","profileImageUrl":"https://media.licdn.com/dms/image/C4E03AQEowhWY_5HTlA/profile-displayphoto-shrink_100_100/0/1604746051065?e=1690416000&v=beta&t=WopcwnjmFLXCAfyU3CboeGZR8_LOF_OTuko1m8MTd9c","additionalInfo":"","connectionDegree":"2nd","job":"Building tech at fam","location":"Patiala","sharedConnections":"Ashutosh Singla, Ansh Mehra, and 20 other mutual connections","url":"https://www.linkedin.com/in/kushdaga","name":"Kush D.","query":"https://www.linkedin.com/search/results/people/?currentCompany=%5B%2214618763%22%5D&origin=COMPANY_PAGE_CANNED_SEARCH&sid=f8Z","category":"People","timestamp":"2023-05-22T19:39:15.546Z"},{"profileUrl":"https://www.linkedin.com/in/saransh-0407","fullName":"Saransh A.","firstName":"Saransh","lastName":"A.","profileImageUrl":"https://media.licdn.com/dms/image/C5103AQEmlGA4wS52uw/profile-displayphoto-shrink_100_100/0/1579528144425?e=1690416000&v=beta&t=kI3Dd0Q5d-5kE7qdP8_6sjQMMs83ZReJIE5caql1SEI","additionalInfo":"","connectionDegree":"2nd","location":"Kolkata","sharedConnections":"Gokuldas K, Yash Kumar Verma, and 12 other mutual connections","url":"https://www.linkedin.com/in/saransh-0407","name":"Saransh A.","query":"https://www.linkedin.com/search/results/people/?currentCompany=%5B%2214618763%22%5D&origin=COMPANY_PAGE_CANNED_SEARCH&sid=f8Z","category":"People","timestamp":"2023-05-22T19:39:15.546Z"},{"profileUrl":"https://www.linkedin.com/in/abhishekmore-","fullName":"Abhishek More","firstName":"Abhishek","lastName":"More","profileImageUrl":"https://media.licdn.com/dms/image/C5603AQElfrXfupVQkw/profile-displayphoto-shrink_100_100/0/1617033254360?e=1690416000&v=beta&t=cfi3GAuSFOKis9QTD4KV5uY37sasgB3ky8jq-cmVVNk","additionalInfo":"","connectionDegree":"2nd","job":"Building Tech @FamPay🧡 | SIH'22 Winner | Github Extern'22 | Developer✨ | Hackathons🏆","location":"Pune","sharedConnections":"Yash Kumar Verma, Jugal Bhatt, and 3 other mutual connections","url":"https://www.linkedin.com/in/abhishekmore-","name":"Abhishek More","query":"https://www.linkedin.com/search/results/people/?currentCompany=%5B%2214618763%22%5D&origin=COMPANY_PAGE_CANNED_SEARCH&sid=f8Z","category":"People","timestamp":"2023-05-22T19:39:15.546Z"},{"profileUrl":"https://www.linkedin.com/in/ayu023ban","fullName":"Ayush Bansal","firstName":"Ayush","lastName":"Bansal","profileImageUrl":"https://media.licdn.com/dms/image/C4D03AQGCd2GRY1zMDw/profile-displayphoto-shrink_100_100/0/1652701901712?e=1690416000&v=beta&t=rIEjDPlh-sT4Ks3Gl0VJJ3qVWsQXLXC8cIfM1Y1Ttws","additionalInfo":"","connectionDegree":"2nd","job":"Engineering @ Fampay | SWE Intern @Microsoft | GSoC'21@Libre Space Foundation | Senior at IIT Roorkee","location":"Rajasthan, India","sharedConnections":"Yash Kumar Verma, Sarath Kumar, and 1 other mutual connection","url":"https://www.linkedin.com/in/ayu023ban","name":"Ayush Bansal","query":"https://www.linkedin.com/search/results/people/?currentCompany=%5B%2214618763%22%5D&origin=COMPANY_PAGE_CANNED_SEARCH&sid=f8Z","category":"People","timestamp":"2023-05-22T19:39:15.546Z"},{"profileUrl":"https://www.linkedin.com/in/sanat-desai-66a92015a","fullName":"Sanat Desai","firstName":"Sanat","lastName":"Desai","profileImageUrl":"https://media.licdn.com/dms/image/C5603AQFUhTS8Jm14iQ/profile-displayphoto-shrink_100_100/0/1588741236297?e=1690416000&v=beta&t=Njsg8oxOW0MJXFLoga7COzEYclZLKkZW48SIhdLCS8s","additionalInfo":"","connectionDegree":"2nd","job":"Strategic & Brand Partnership at FamPay - Building India's largest GenZ community at Fam || Ex - PE Analyst at TresVista || NMIMS'20 Bangalore","location":"Bengaluru","sharedConnections":"Yash Kumar Verma, Jugal Bhatt, and 3 other mutual connections","url":"https://www.linkedin.com/in/sanat-desai-66a92015a","name":"Sanat Desai","query":"https://www.linkedin.com/search/results/people/?currentCompany=%5B%2214618763%22%5D&origin=COMPANY_PAGE_CANNED_SEARCH&sid=f8Z","category":"People","timestamp":"2023-05-22T19:39:15.546Z"},{"profileUrl":"https://www.linkedin.com/in/abhimanyu-phadke-79b1ba11b","fullName":"Abhimanyu Phadke","firstName":"Abhimanyu","lastName":"Phadke","profileImageUrl":"https://media.licdn.com/dms/image/C5603AQHCn4PVjyZqOw/profile-displayphoto-shrink_100_100/0/1659122326958?e=1690416000&v=beta&t=5cyzBYIj5L1PHnKPO0uCYGHZsZR5iNK61OcWMy7ZUO0","additionalInfo":"","connectionDegree":"3rd","job":"Legal Associate at FamPay | Ex-Khaitan & Co.","location":"Bengaluru","url":"https://www.linkedin.com/in/abhimanyu-phadke-79b1ba11b","name":"Abhimanyu Phadke","query":"https://www.linkedin.com/search/results/people/?currentCompany=%5B%2214618763%22%5D&origin=COMPANY_PAGE_CANNED_SEARCH&sid=f8Z","category":"People","timestamp":"2023-05-22T19:39:15.547Z"},{"profileUrl":"https://www.linkedin.com/in/anchit96","fullName":"Anchit Shukla","firstName":"Anchit","lastName":"Shukla","profileImageUrl":"https://media.licdn.com/dms/image/C5103AQE_5yKwWCTvmQ/profile-displayphoto-shrink_100_100/0/1582730197524?e=1690416000&v=beta&t=TGbmgCuInfsC0EgPwlC7bMLk82Tjrblq-XHZMgIJ48o","additionalInfo":"","connectionDegree":"2nd","job":"Founding Team at FamPay | Building for the future of India | Hiring rockstars - join.fampay.in","location":"Bengaluru","sharedConnections":"Yash Kumar Verma, Sai Akshith Vasa, and 8 other mutual connections","url":"https://www.linkedin.com/in/anchit96","name":"Anchit Shukla","query":"https://www.linkedin.com/search/results/people/?currentCompany=%5B%2214618763%22%5D&origin=COMPANY_PAGE_CANNED_SEARCH&sid=f8Z","category":"People","timestamp":"2023-05-22T19:39:15.547Z"},{"profileUrl":"https://www.linkedin.com/in/peeyush-agrawal-b4945814","fullName":"Peeyush Agrawal","firstName":"Peeyush","lastName":"Agrawal","profileImageUrl":"https://media.licdn.com/dms/image/C4D03AQEe-5UzFc6Ncg/profile-displayphoto-shrink_100_100/0/1516532227510?e=1690416000&v=beta&t=jDj93WTb1mGhoUqyKkOZDqspnU_3Z_DDqq24ONNgntE","additionalInfo":"","connectionDegree":"2nd","job":"Fam| Swiggy| McKinsey| IIM B","location":"Bengaluru","sharedConnections":"2K followers • Akshit Sadana is a mutual connection","url":"https://www.linkedin.com/in/peeyush-agrawal-b4945814","name":"Peeyush Agrawal","query":"https://www.linkedin.com/search/results/people/?currentCompany=%5B%2214618763%22%5D&origin=COMPANY_PAGE_CANNED_SEARCH&sid=f8Z","category":"People","timestamp":"2023-05-22T19:39:15.547Z"},{"profileUrl":"https://www.linkedin.com/in/ashishshewale","fullName":"Ashish Shewale","firstName":"Ashish","lastName":"Shewale","profileImageUrl":"https://media.licdn.com/dms/image/D5603AQGjOMih8zXe9w/profile-displayphoto-shrink_100_100/0/1664346568001?e=1690416000&v=beta&t=yqVHaAL44bg13M2mzqsn0Hgw0A3UtI49Y3XxlXvGzaQ","additionalInfo":"","connectionDegree":"2nd","job":"FinTech Lawyer | Advocating for GenZs at Fam","location":"Bengaluru","sharedConnections":"Yash Kumar Verma, Jugal Bhatt, and 5 other mutual connections","url":"https://www.linkedin.com/in/ashishshewale","name":"Ashish Shewale","query":"https://www.linkedin.com/search/results/people/?currentCompany=%5B%2214618763%22%5D&origin=COMPANY_PAGE_CANNED_SEARCH&sid=f8Z","category":"People","timestamp":"2023-05-22T19:39:15.547Z"},{"profileUrl":"https://www.linkedin.com/in/arohi-kaushal","fullName":"Arohi Kaushal","firstName":"Arohi","lastName":"Kaushal","profileImageUrl":"https://media.licdn.com/dms/image/C4D03AQGQ9ffp5j2MtA/profile-displayphoto-shrink_100_100/0/1656930889348?e=1690416000&v=beta&t=2id4MT9_XHfQnnLL5KcC5-CmggfWvTwhPsxgD3aqd5o","additionalInfo":"","connectionDegree":"2nd","job":"Brewing creative juices at Fam | Marketing","location":"Lucknow","sharedConnections":"Yash Kumar Verma, Akshit Sadana, and 5 other mutual connections","url":"https://www.linkedin.com/in/arohi-kaushal","name":"Arohi Kaushal","query":"https://www.linkedin.com/search/results/people/?currentCompany=%5B%2214618763%22%5D&origin=COMPANY_PAGE_CANNED_SEARCH&sid=f8Z","category":"People","timestamp":"2023-05-22T19:39:20.693Z"},{"profileUrl":"https://www.linkedin.com/in/ritwickbhaduri","fullName":"Ritwick Bhaduri","firstName":"Ritwick","lastName":"Bhaduri","profileImageUrl":"https://media.licdn.com/dms/image/C4D03AQGYeUI1583zSQ/profile-displayphoto-shrink_100_100/0/1654325453382?e=1690416000&v=beta&t=5IEyf0XEye85R807yizyk20AuvedSjp9dRk_ykwDlZM","additionalInfo":"","connectionDegree":"2nd","job":"Building payments through Product & Growth at Fam India","location":"Kolkata","sharedConnections":"Yash Kumar Verma, Jugal Bhatt, and 12 other mutual connections","url":"https://www.linkedin.com/in/ritwickbhaduri","name":"Ritwick Bhaduri","query":"https://www.linkedin.com/search/results/people/?currentCompany=%5B%2214618763%22%5D&origin=COMPANY_PAGE_CANNED_SEARCH&sid=f8Z","category":"People","timestamp":"2023-05-22T19:39:20.693Z"},{"profileUrl":"https://www.linkedin.com/in/rohit-kuber","fullName":"Rohit Kuber","firstName":"Rohit","lastName":"Kuber","profileImageUrl":"https://media.licdn.com/dms/image/C4D03AQGDPI9MMh-0YA/profile-displayphoto-shrink_100_100/0/1636555894457?e=1690416000&v=beta&t=rsLKBBeZkvd0viVU_mXCcWssn9KV0MKnM-qhPeUVbc8","additionalInfo":"","connectionDegree":"2nd","job":"Building Tech at Fam | iOS Developer | SwiftUI","location":"Pune","sharedConnections":"Yash Kumar Verma, Jugal Bhatt, and 6 other mutual connections","url":"https://www.linkedin.com/in/rohit-kuber","name":"Rohit Kuber","query":"https://www.linkedin.com/search/results/people/?currentCompany=%5B%2214618763%22%5D&origin=COMPANY_PAGE_CANNED_SEARCH&sid=f8Z","category":"People","timestamp":"2023-05-22T19:39:20.693Z"},{"profileUrl":"https://www.linkedin.com/in/komalchandra","fullName":"Komal Chandra","firstName":"Komal","lastName":"Chandra","profileImageUrl":"https://media.licdn.com/dms/image/C4E03AQFxHqEa5zYgIg/profile-displayphoto-shrink_100_100/0/1600070100528?e=1690416000&v=beta&t=4_UXtfJcw9fnyok51UNtW1YTe5V2XJup_7_V3vPuThg","additionalInfo":"","connectionDegree":"2nd","job":"Building Tech at FamPay | Ex - Thunderpod","location":"Bengaluru","sharedConnections":"Yash Kumar Verma, Jugal Bhatt, and 2 other mutual connections","url":"https://www.linkedin.com/in/komalchandra","name":"Komal Chandra","query":"https://www.linkedin.com/search/results/people/?currentCompany=%5B%2214618763%22%5D&origin=COMPANY_PAGE_CANNED_SEARCH&sid=f8Z","category":"People","timestamp":"2023-05-22T19:39:20.693Z"},{"profileUrl":"https://www.linkedin.com/in/ch-lalith","fullName":"Lalith Kumar","firstName":"Lalith","lastName":"Kumar","profileImageUrl":"https://media.licdn.com/dms/image/C5603AQH1tj1bp0m5ZA/profile-displayphoto-shrink_100_100/0/1644991499555?e=1690416000&v=beta&t=fAu0VIExwDgQXrx0E6lw9vyImENgm9kSDmlMu12hkOs","additionalInfo":"","connectionDegree":"2nd","job":"Engineering seamless experiences at Fam","location":"Andhra Pradesh, India","sharedConnections":"Yash Kumar Verma, Jugal Bhatt, and 1 other mutual connection","url":"https://www.linkedin.com/in/ch-lalith","name":"Lalith Kumar","query":"https://www.linkedin.com/search/results/people/?currentCompany=%5B%2214618763%22%5D&origin=COMPANY_PAGE_CANNED_SEARCH&sid=f8Z","category":"People","timestamp":"2023-05-22T19:39:20.693Z"},{"profileUrl":"https://www.linkedin.com/in/muazz","fullName":"Mohammed Muazz Zuberi","firstName":"Mohammed","lastName":"Muazz Zuberi","profileImageUrl":"https://media.licdn.com/dms/image/C4D03AQGJMltvEPvSxg/profile-displayphoto-shrink_100_100/0/1627399605498?e=1690416000&v=beta&t=rKYJ3ybFMFlHPHknkLT2wXn53Y4jxHp9bb-GH74ulxY","additionalInfo":"","connectionDegree":"2nd","job":"Building for GenZ at Fam • CSE Core at VIT, Vellore • STC • PM Fellow @NextLeap • SIH'22 Winner","location":"Agra","sharedConnections":"Dr. Samuel Rajkumar V, Dr. Alan G, and 593 other mutual connections","url":"https://www.linkedin.com/in/muazz","name":"Mohammed Muazz Zuberi","query":"https://www.linkedin.com/search/results/people/?currentCompany=%5B%2214618763%22%5D&origin=COMPANY_PAGE_CANNED_SEARCH&sid=f8Z","category":"People","timestamp":"2023-05-22T19:39:20.693Z"},{"profileUrl":"https://www.linkedin.com/in/charvi-saraf-13a034133","fullName":"Charvi Saraf","firstName":"Charvi","lastName":"Saraf","profileImageUrl":"https://media.licdn.com/dms/image/C4D03AQEgf-SIn9ehTQ/profile-displayphoto-shrink_100_100/0/1605617022018?e=1690416000&v=beta&t=ylgpC4K4lcU0WkpPfynBnJ_nyKNLZRnBYBNtNP2zjj8","additionalInfo":"","connectionDegree":"2nd","job":"product & growth @ FamPay 🚀 | 🎓 alum: Ashoka Univ","location":"Bengaluru","sharedConnections":"Gunda Manideep, Yash Kumar Verma, and 4 other mutual connections","url":"https://www.linkedin.com/in/charvi-saraf-13a034133","name":"Charvi Saraf","query":"https://www.linkedin.com/search/results/people/?currentCompany=%5B%2214618763%22%5D&origin=COMPANY_PAGE_CANNED_SEARCH&sid=f8Z","category":"People","timestamp":"2023-05-22T19:39:20.693Z"},{"profileUrl":"https://www.linkedin.com/in/mohamed-shayan-22071998","fullName":"Mohamed Shayan","firstName":"Mohamed","lastName":"Shayan","profileImageUrl":"https://media.licdn.com/dms/image/C5603AQG4PZY0lA2tJA/profile-displayphoto-shrink_100_100/0/1607528921856?e=1690416000&v=beta&t=C5r9MsshM-V01opuaIn2csNdR1k7UFYbi1kz23fUeVE","additionalInfo":"","connectionDegree":"2nd","job":"Product & Growth at FamPay","location":"Bengaluru","sharedConnections":"Abhilash Bisht is a mutual connection","url":"https://www.linkedin.com/in/mohamed-shayan-22071998","name":"Mohamed Shayan","query":"https://www.linkedin.com/search/results/people/?currentCompany=%5B%2214618763%22%5D&origin=COMPANY_PAGE_CANNED_SEARCH&sid=f8Z","category":"People","timestamp":"2023-05-22T19:39:20.693Z"},{"profileUrl":"https://www.linkedin.com/in/archit-agrawal-935aa5120","fullName":"Archit Agrawal","firstName":"Archit","lastName":"Agrawal","profileImageUrl":"https://media.licdn.com/dms/image/C5103AQGIy2goBQyqLg/profile-displayphoto-shrink_100_100/0/1552634791517?e=1690416000&v=beta&t=roNXZmPcdl2rVtCQ5h9m3WDAP8u1Wbm5K6Rh35sZPSM","additionalInfo":"","connectionDegree":"2nd","job":"GenZ Whisperer at Fam | GrowthX","location":"India","sharedConnections":"Yash Kumar Verma, Jugal Bhatt, and 7 other mutual connections","url":"https://www.linkedin.com/in/archit-agrawal-935aa5120","name":"Archit Agrawal","query":"https://www.linkedin.com/search/results/people/?currentCompany=%5B%2214618763%22%5D&origin=COMPANY_PAGE_CANNED_SEARCH&sid=f8Z","category":"People","timestamp":"2023-05-22T19:39:20.693Z"},{"profileUrl":"https://www.linkedin.com/in/sandeep-sriniv","fullName":"Sandeep Srinivasan","firstName":"Sandeep","lastName":"Srinivasan","profileImageUrl":"https://media.licdn.com/dms/image/C5603AQEINC_XQHw9Rg/profile-displayphoto-shrink_100_100/0/1652596213682?e=1690416000&v=beta&t=eLF5Ohs6uSTTqYy8dzQKpSDWX35Y2_Z6DnC3UMwhiRo","additionalInfo":"","connectionDegree":"2nd","job":"CVE-2023-0519 | Hacker | CTF Player","location":"Chennai","sharedConnections":"907 followers • Yash Kumar Verma, Jugal Bhatt, and 3 other mutual connections","url":"https://www.linkedin.com/in/sandeep-sriniv","name":"Sandeep Srinivasan","query":"https://www.linkedin.com/search/results/people/?currentCompany=%5B%2214618763%22%5D&origin=COMPANY_PAGE_CANNED_SEARCH&sid=f8Z","category":"People","timestamp":"2023-05-22T19:39:20.693Z"}]